ROWNUM;FullName;ShortName;Area;District;PostalCode;Address;ChiefName;ChiefPosition;ChiefGender;ChiefPhone;PublicPhone;Fax;Email;PaidServicesInfo;FreeServicesInfo;WorkingHours;ClarificationOfWorkingHours;Specialization;Bedspace;Departments;ExtraInfo;X;Y;GLOBALID;
1;"Государственное бюджетное учреждение здравоохранения города Москвы «Городская больница № 17 Департамента здравоохранения города Москвы»";"ГБУЗ ГБ № 17 ДЗМ";"Западный административный округ";"район Солнцево";"119620";"Волынская улица, дом 7";"Попович Виктор Константинович";"главный врач";"мужской";"(495) 439-25-77";"(495) 439-25-77";"(495) 439-14-88";"";"отсутствуют";"оказываются в рамках территориальной программы государственных гарантий бесплатного оказания медицинской помощи";"понедельник круглосуточно; вторник круглосуточно; среда круглосуточно; четверг круглосуточно; пятница круглосуточно; суббота круглосуточно; воскресенье круглосуточно";"";"многопрофильное медицинское учреждение";"495";"Хирургическое отделение";"";"37,412937";"55,642623";"84055657";
2;"Государственное бюджетное учреждение здравоохранения города Москвы «Городская больница № 3 Департамента здравоохранения города Москвы»";"ГБУЗ ГБ № 3 ДЗМ";"Зеленоградский административный округ";"район Савёлки";"124489";"Каштановая аллея, дом 2, строение 1";"Голоусиков Иван Яковлевич";"главный врач";"мужской";"(499) 735-64-29";"(499) 735-64-29";"(499) 735-32-06";"";"отсутствуют";"оказываются в рамках территориальной программы государственных гарантий бесплатного оказания медицинской помощи";"понедельник круглосуточно; вторник круглосуточно; среда круглосуточно; четверг круглосуточно; пятница круглосуточно; суббота круглосуточно; воскресенье круглосуточно";"";"многопрофильное медицинское учреждение";"1242";"";"";"37,233302";"55,98331";"84055658";
3;"Государственное бюджетное учреждение здравоохранения города Москвы «Городская больница № 43 с поликлиническим отделением Департамента здравоохранения города Москвы»";"ГБУЗ ГБ № 43 ДЗМ";"Северо-Восточный административный округ";"район Северный";"127204";"3-я Северная линия, дом 27";"Семерчев Демьян Петрович";"главный врач";"мужской";"(499) 767-87-11";"(499) 767-87-22";"(499) 767-87-11";"";"отсутствуют";"оказываются в рамках территориальной программы государственных гарантий бесплатного оказания медицинской помощи";"понедельник круглосуточно; вторник круглосуточно; среда круглосуточно; четверг круглосуточно; пятница круглосуточно; суббота круглосуточно; воскресенье круглосуточно";"";"многопрофильное медицинское учреждение";"25";"Поликлиническое отделение";"";"37,552526";"55,940491";"84055659";
4;"Государственное бюджетное учреждение здравоохранения города Москвы «Городская больница № 49 Департамента здравоохранения города Москвы»";"ГБУЗ ГБ № 49 ДЗМ";"Юго-Восточный административный округ";"район Капотня";"109429";"2-й квартал Капотня, дом 16";"Чучелин Евгений Григорьевич";"исполняющий обязанности главного врача";"мужской";"(495) 355-15-47";"(495) 355-15-47";"(495) 355-36-38";"";"отсутствуют";"оказываются в рамках территориальной программы государственных гарантий бесплатного оказания медицинской помощи";"понедельник круглосуточно; вторник круглосуточно; среда круглосуточно; четверг круглосуточно; пятница круглосуточно; суббота круглосуточно; воскресенье круглосуточно";"";"многопрофильное медицинское учреждение";"420";"1-е терапевтическое отделение по уходу";"";"37,803436";"55,638608";"84055660";
5;"Государственное бюджетное учреждение здравоохранения города Москвы «Городская клиническая больница № 54 Департамента здравоохранения города Москвы»";"ГБУЗ ГКБ № 54 ДЗМ";"Восточный административный округ";"район Преображенское";"107370";"набережная Шитова, дом 72";"Нахаев Виктор Иванович";"главный врач";"мужской";"(499) 168-33-28";"(499) 168-33-28";"(499) 168-33-28";"";"отсутствуют";"оказываются в рамках территориальной программы государственных гарантий бесплатного оказания медицинской помощи";"понедельник круглосуточно; вторник круглосуточно; среда круглосуточно; четверг круглосуточно; пятница круглосуточно; суббота круглосуточно; воскресенье круглосуточно";"";"многопрофильное медицинское учреждение";"565";"";"";"37,730548";"55,806817";"84055661";
6;"Государственное бюджетное учреждение здравоохранения города Москвы «Городская больница № 56 Департамента здравоохранения города Москвы»";"ГБУЗ ГБ № 56 ДЗМ";"Южный административный округ";"Даниловский район";"115114";"Павелецкая набережная, дом 6";"Погонченкова Ирэна Владимировна";"главный врач";"женский";"(499) 235-95-66; (495) 536-94-03";"(495) 235-52-14; (495) 536-94-09";"(499) 235-95-66";"";"оказываются";"оказываются в рамках территориальной программы государственных гарантий бесплатного оказания медицинской помощи";"понедельник круглосуточно; вторник круглосуточно; среда круглосуточно; четверг круглосуточно; пятница круглосуточно; суббота круглосуточно; воскресенье круглосуточно";"";"многопрофильное медицинское учреждение";"Всего 440: укомплектовано-240,закрыто на капитальный ремонт-200. Кроме того 6 коек Отделения анестезиологии-реанимации";"5-е гинекологическое отделение; 3-е гинекологическое отделение; 1-е гнойное хирургическое отделение; Отделение микрохирургии; Терапевтическое отделение; Отделение анестезиологии-реанимации";"";"37,64736";"55,711667";"84055662";
7;"Государственное бюджетное учреждение здравоохранения города Москвы «Городская больница № 56 филиал № 1 Департамента здравоохранения города Москвы»";"ГБУЗ ГБ № 56 филиал № 1 ДЗМ";"Центральный административный округ";"район Замоскворечье";"115093";"1-й Щипковский переулок, дом 19";"Слонов Андрей Владимирович";"заведующий филиалом";"мужской";"(499) 237-25-81";"(499) 236-42-24";"(499) 237-21-16";"";"оказываются";"оказываются в рамках территориальной программы государственных гарантий бесплатного оказания медицинской помощи";"понедельник круглосуточно; вторник круглосуточно; среда круглосуточно; четверг круглосуточно; пятница круглосуточно; суббота круглосуточно; воскресенье круглосуточно";"";"гинекология";"Всего: 210. Кроме того: 6 коек отделение анестезиологии-реанимации, 5 коек дневной стационар.";"Гинекологическое отделение";"";"37,630237";"55,72378";"84055663";
8;"Государственное бюджетное учреждение здравоохранения города Москвы «Городская больница № 8 Департамента здравоохранения города Москвы»";"ГБУЗ ГБ № 8 ДЗМ";"Северный административный округ";"Савёловский район";"127287";"4-й Вятский переулок, дом 39";"Дуленков Андрей Борисович";"главный врач";"мужской";"(495) 613-45-09";"(495) 613-43-79";"(495) 613-45-09";"";"отсутствуют";"оказываются в рамках территориальной программы государственных гарантий бесплатного оказания медицинской помощи";"понедельник круглосуточно; вторник круглосуточно; среда круглосуточно; четверг круглосуточно; пятница круглосуточно; суббота круглосуточно; воскресенье круглосуточно";"";"многопрофильное медицинское учреждение";"260";"";"";"37,569333";"55,799596";"84055664";
9;"Государственное бюджетное учреждение здравоохранения города Москвы «Внуковская больница Департамента здравоохранения города Москвы»";"ГБУЗ Внуковская больница ДЗМ";"Новомосковский административный округ";"поселение Внуковское";"142750";"посёлок Абабурово, улица Маяковского, дом 1";"Словеснова Ираида Викторовна";"главный врач";"женский";"(495) 736-62-34";"(495) 736-64-17";"(495) 736-62-34";"";"отсутствуют";"оказываются в рамках территориальной программы государственных гарантий бесплатного оказания медицинской помощи";"понедельник 08:00-19:00; вторник 08:00-19:00; среда 08:00-19:00; четверг 08:00-19:00; пятница 08:00-19:00; суббота 09:00-14:00; воскресенье выходной";"";"многопрофильное медицинское учреждение";"35";"Терапевтическое отделение";"";"37,207395";"55,607685";"84055665";
10;"Государственное бюджетное учреждение здравоохранения города Москвы «Вороновская больница Департамента здравоохранения города Москвы»";"ГБУЗ Вороновская больница ДЗМ";"Троицкий административный округ";"поселение Вороновское";"142160";"поселение Вороновское, поселок ЛМС";"Казаков Алексей Сергеевич";"главный врач";"мужской";"(495) 850-71-75";"(495) 850-74-37";"(495) 850-71-75";"";"оказываются";"оказываются в рамках территориальной программы государственных гарантий бесплатного оказания медицинской помощи";"понедельник круглосуточно; вторник круглосуточно; среда круглосуточно; четверг круглосуточно; пятница круглосуточно; суббота круглосуточно; воскресенье круглосуточно";"";"многопрофильное медицинское учреждение";"12 коек круглосуточного стационара + 4 койки дневного стационара";"Педиатрическое отделение";"";"37,74119";"55,803568";"84055666";
11;"Государственное бюджетное учреждение здравоохранения города Москвы «Городская больница города Московский Департамента здравоохранения города Москвы»";"ГКУЗ ГБ г. Московский ДЗМ";"Новомосковский административный округ";"поселение Московский";"142784";"1-й микрорайон, дом 54";"Ишкова Виктория Ивановна";"главный врач";"женский";"(499) 558-31-15";"(499) 558-31-04";"(495) 841-82-85";"";"отсутствуют";"оказываются в рамках территориальной программы государственных гарантий бесплатного оказания медицинской помощи";"понедельник 08:00-20:00; вторник 08:00-20:00; среда 08:00-20:00; четверг 08:00-20:00; пятница 08:00-20:00; суббота 09:00-16:00; воскресенье выходной";"";"многопрофильное медицинское учреждение";"65";"Терапевтическое отделение; Отделение сестринского ухода";"";"37,74119";"55,803568";"84055667";
12;"Государственное бюджетное учреждение здравоохранения города Москвы «Коммунарская больница Департамента здравоохранения города Москвы»";"ГБУЗ Коммунарская больница ДЗМ";"Новомосковский административный округ";"поселение Сосенское";"142770";"поселение Сосенское, поселок Коммунарка";"Сатаров Михаил Геннадьевич";"главный врач";"мужской";"(495) 817-89-54";"(495) 817-89-54";"(495) 817-89-54";"";"отсутствуют";"оказываются в рамках территориальной программы государственных гарантий бесплатного оказания медицинской помощи";"понедельник круглосуточно; вторник круглосуточно; среда круглосуточно; четверг круглосуточно; пятница круглосуточно; суббота круглосуточно; воскресенье круглосуточно";"";"многопрофильное медицинское учреждение";"";"";"";"37,74119";"55,803568";"84055668";
13;"Государственное бюджетное учреждение здравоохранения города Москвы «Больница «Кузнечики» Департамента здравоохранения города Москвы»";"ГБУЗ Больница «Кузнечики» ДЗМ";"Троицкий административный округ";"поселение Щаповское";"142144";"село Ознобишино, дом 30";"Гаплаев Магомед-Салих Шиблуевич";"главный врач";"мужской";"(495) 212-14-80";"(495) 212-14-80";"";"";"отсутствуют";"оказываются в рамках территориальной программы государственных гарантий бесплатного оказания медицинской помощи";"понедельник 08:00-20:00; вторник 08:00-20:00; среда 08:00-20:00; четверг 08:00-20:00; пятница 08:00-20:00; суббота выходной; воскресенье выходной";"третья суббота месяца 08:00-20:00";"многопрофильное медицинское учреждение";"90";"Отделение общей терапии";"";"37,74119";"55,803568";"84055669";
14;"Государственное бюджетное учреждение здравоохранения города Москвы «Щербинская городская больница Департамента здравоохранения города Москвы»";"ГБУЗ ЩГБ ДЗМ";"Новомосковский административный округ";"поселение Щербинка";"142171";"город Щербинка, Первомайская улица, дом 10";"Курков Владимир Львович";"главный врач";"мужской";"(495) 867-02-04";"(495) 867-02-49";"(495) 867-07-75";"";"отсутствуют";"оказываются в рамках территориальной программы государственных гарантий бесплатного оказания медицинской помощи";"понедельник круглосуточно; вторник круглосуточно; среда круглосуточно; четверг круглосуточно; пятница круглосуточно; суббота круглосуточно; воскресенье круглосуточно";"";"многопрофильное медицинское учреждение";"15";"Детское соматическое отделение";"";"37,206713";"55,966525";"84055671";
15;"Государственное бюджетное учреждение здравоохранения города Москвы «Городская клиническая больница № 1 имени Н. И. Пирогова Департамента здравоохранения города Москвы»";"ГБУЗ ГКБ № 1 им.Н. И. Пирогова ДЗМ";"Центральный административный округ";"район Якиманка";"119049";"Ленинский проспект, дом 8";"Шабунин Алексей Васильевич";"главный врач";"мужской";"(499) 236-60-69";"(499) 236-60-69";"(499) 236-65-28";"";"оказываются";"оказываются в рамках территориальной программы государственных гарантий бесплатного оказания медицинской помощи";"понедельник круглосуточно; вторник круглосуточно; среда круглосуточно; четверг круглосуточно; пятница круглосуточно; суббота круглосуточно; воскресенье круглосуточно";"";"многопрофильное медицинское учреждение";"1346";"";"";"37,603998";"55,725478";"84055672";
16;"Государственное бюджетное учреждение здравоохранения города Москвы «Городская клиническая больница № 11 Департамента здравоохранения города Москвы»";"ГБУЗ ГКБ № 11 ДЗМ";"Северо-Восточный административный округ";"район Марьина Роща";"127018";"улица Двинцев, дом 6, корпус 3";"Бойко Алексей Николаевич";"главный врач";"мужской";"(499) 940-19-50";"(499) 940-19-50";"(499) 940-19-50";"";"отсутствуют";"оказываются в рамках территориальной программы государственных гарантий бесплатного оказания медицинской помощи";"понедельник 08:30-16:45; вторник 08:30-16:45; среда 08:30-16:45; четверг 08:30-16:45; пятница 08:30-16:45; суббота 08:30-16:45; воскресенье 08:30-16:45";"";"многопрофильное медицинское учреждение";"320";"Пульмонологическое отделение; Терапевтическое отделение; Кардиологическое отделение; Отделение неотложной кардиологии с блоком кардиореанимации; Неврологическое отделение для больных рассеянным склерозом; Отделение общей неврологии; Онкологическое отделение паллиативного лечения; Консультативно-поликлиническое отделение с дневным стационаром; Эндоскопическое отделение; Рентгенологическое отделение; Отделение функциональной диагностики; Физиотерапевтическое отделение; Клиникодиагностическая лаборатория";"";"37,600585";"55,794146";"84055673";
17;"Государственное бюджетное учреждение здравоохранения города Москвы «Городская клиническая больница № 12 Департамента здравоохранения города Москвы»";"ГБУЗ ГКБ № 12 ДЗМ";"Южный административный округ";"район Царицыно";"115516";"Бакинская улица, дом 26";"Саликов Александр Викторович";"главный врач";"мужской";"(495) 322-17-10";"(495) 322-17-10";"";"";"отсутствуют";"оказываются в рамках территориальной программы государственных гарантий бесплатного оказания медицинской помощи";"понедельник круглосуточно; вторник круглосуточно; среда круглосуточно; четверг круглосуточно; пятница круглосуточно; суббота круглосуточно; воскресенье круглосуточно";"";"многопрофильное медицинское учреждение";"1000";"";"";"37,65376";"55,618772";"84055674";
18;"Государственное бюджетное учреждение здравоохранения города Москвы «Городская клиническая больница № 13 Департамента здравоохранения города Москвы»";"ГБУЗ ГКБ № 13 ДЗМ";"Юго-Восточный административный округ";"Южнопортовый район";"115280";"Велозаводская улица, дом 1, строение 1";"Аронов Леонид Семенович";"главный врач";"мужской";"(495) 674-50-22";"(495) 674-50-22";"(495) 674-80-76";"";"оказываются";"оказываются в рамках территориальной программы государственных гарантий бесплатного оказания медицинской помощи";"понедельник круглосуточно; вторник круглосуточно; среда круглосуточно; четверг круглосуточно; пятница круглосуточно; суббота круглосуточно; воскресенье круглосуточно";"";"многопрофильное медицинское учреждение";"101 койка в том числе 6 коек реанимационных и 12 интенсивной терапии для новорожденных";"";"";"37,664649";"55,719422";"84055675";
19;"Государственное бюджетное учреждение здравоохранения города Москвы «Городская клиническая больница № 14 имени В. Г. Короленко Департамента здравоохранения города Москвы»";"ГБУЗ ГКБ № 14 им. В. Г. Короленко";"Восточный административный округ";"район Сокольники";"107076";"улица Короленко, дом 3, корпус 1";"Гайнулин Шамиль Мухтарович";"главный врач";"мужской";"(495) 964-39-29";"(495) 964-39-29";"(495) 964-11-21";"";"отсутствуют";"оказываются в рамках территориальной программы государственных гарантий бесплатного оказания медицинской помощи";"понедельник круглосуточно; вторник круглосуточно; среда круглосуточно; четверг круглосуточно; пятница круглосуточно; суббота круглосуточно; воскресенье круглосуточно";"";"многопрофильное медицинское учреждение";"440";"";"";"37,690628";"55,796978";"84055676";
20;"Государственное бюджетное учреждение здравоохранения города Москвы «Городская клиническая больница № 14 имени В. Г. Короленко Департамента здравоохранения города Москвы» филиал № 1";"ГБУЗ ГКБ № 14 им. В. Г. Короленко филиал № 1 ДЗМ";"Восточный административный округ";"район Сокольники";"107014";"улица Стромынка, дом 7";"Гайнулин Шамиль Мухтарович";"главный врач";"мужской";"(499) 268-24-75";"(499) 268-24-75";"(499) 268-24-75";"";"отсутствуют";"оказываются в рамках территориальной программы государственных гарантий бесплатного оказания медицинской помощи";"понедельник круглосуточно; вторник круглосуточно; среда круглосуточно; четверг круглосуточно; пятница круглосуточно; суббота круглосуточно; воскресенье круглосуточно";"";"многопрофильное медицинское учреждение";"1101";"Приёмное отделение";"";"37,685222";"55,792332";"84055677";
21;"Государственное бюджетное учреждение здравоохранения города Москвы «Городская клиническая больница № 14 имени В. Г. Короленко Департамента здравоохранения города Москвы» филиал № 2";"ГБУЗ ГКБ № 14 им. В. Г. Короленко филиал № 2 ДЗМ";"Восточный административный округ";"район Сокольники";"107076";"улица Гастелло, дом 42";"Бурцева Ольга Борисовна";"заведующий филиалом";"женский";"(499) 268-39-62";"(499) 268-62-55";"";"";"отсутствуют";"оказываются в рамках территориальной программы государственных гарантий бесплатного оказания медицинской помощи";"понедельник круглосуточно; вторник круглосуточно; среда круглосуточно; четверг круглосуточно; пятница круглосуточно; суббота круглосуточно; воскресенье круглосуточно";"";"многопрофильное медицинское учреждение";"";"";"";"37,692707";"55,783148";"84055678";
22;"Государственное бюджетное учреждение здравоохранения города Москвы «Городская клиническая больница № 15 имени О. М. Филатова Департамента здравоохранения города Москвы»";"ГБУЗ ГКБ № 15 им. О. М. Филатова ДЗМ";"Восточный административный округ";"район Вешняки";"111539";"Вешняковская улица, дом 23";"Тюлькина Екатерина Евгеньевна";"главный врач";"женский";"(495) 375-04-47";"(495) 375-04-47";"(495) 770-01-23";"";"отсутствуют";"оказываются в рамках территориальной программы государственных гарантий бесплатного оказания медицинской помощи";"понедельник круглосуточно; вторник круглосуточно; среда круглосуточно; четверг круглосуточно; пятница круглосуточно; суббота круглосуточно; воскресенье круглосуточно";"";"многопрофильное медицинское учреждение";"1600";"";"";"37,833237";"55,730781";"84055679";
23;"Государственное казенное учреждение здравоохранения города Москвы «Городская клиническая больница № 19 Департамента здравоохранения города Москвы»";"ГКУЗ ГКБ № 19 ДЗМ";"Центральный административный округ";"Пресненский район";"123022";"Большой Предтеченский переулок, дом 15";"Бутырина Светлана Федоровна";"главный врач";"женский";"(495) 605-48-10";"(495) 605-48-10";"(495) 605-48-10";"";"отсутствуют";"оказываются в рамках территориальной программы государственных гарантий бесплатного оказания медицинской помощи";"понедельник круглосуточно; вторник круглосуточно; среда круглосуточно; четверг круглосуточно; пятница круглосуточно; суббота круглосуточно; воскресенье круглосуточно";"";"многопрофильное медицинское учреждение";"310";"2-е Отделение нейрохирургии; 1-е Отделение терапии; 2-е Отделения кардиологии";"";"37,567353";"55,759461";"84055680";
24;"Государственное бюджетное учреждение здравоохранения города Москвы «Городская клиническая больница № 20 Департамента здравоохранения города Москвы»";"ГБУЗ ГКБ № 20 ДЗМ";"Северо-Восточный административный округ";"Бабушкинский район";"129327";"Ленская улица, дом 15";"Крапивин Андрей Александрович";"главный врач";"мужской";"(495) 471-10-44";"(495) 471-10-44";"(495) 471-12-53";"";"оказываются";"оказываются в рамках территориальной программы государственных гарантий бесплатного оказания медицинской помощи";"понедельник круглосуточно; вторник круглосуточно; среда круглосуточно; четверг круглосуточно; пятница круглосуточно; суббота круглосуточно; воскресенье круглосуточно";"";"многопрофильное медицинское учреждение";"1295";"Родильное отделение";"";"37,663391";"55,865288";"84055681";
25;"Государственное бюджетное учреждение здравоохранения города Москвы «Городская клиническая больница № 23 имени «Медсантруд» Департамента здравоохранения города Москвы»";"ГБУЗ ГКБ № 23 им. «Медсантруд» ДЗМ";"Центральный административный округ";"Таганский район";"109240";"Яузская улица, дом 11, строение 1";"Хрупкин Валерий Иванович";"главный врач";"мужской";"(495) 915-36-48";"(495) 915-38-47";"(495) 915-30-42";"";"оказываются";"оказываются в рамках территориальной программы государственных гарантий бесплатного оказания медицинской помощи";"понедельник круглосуточно; вторник круглосуточно; среда круглосуточно; четверг круглосуточно; пятница круглосуточно; суббота круглосуточно; воскресенье круглосуточно";"";"многопрофильное медицинское учреждение";"622 + реанимация 24";"Отделение общей терапии; Отделение кардиологии для больных инфарктом миокарда; Отделение общей хирургии; Отделение гнойной хирургии; Отделение торакальной хирургии; Гинекологическое отделение; Неврологическое отделение; Отделение пульмоналогии; Отделение общей реанимации; Отделение нейрореанимации; Отделение кардиореанимации";"";"37,648845";"55,746467";"84055682";
26;"Государственное бюджетное учреждение здравоохранения города Москвы «Городская клиническая больница № 24 Департамента здравоохранения города Москвы»";"ГБУЗ ГКБ № 24 ДЗМ";"Северный административный округ";"Савёловский район";"127015";"Писцовая улица, дом 10";"Родоман Григорий Владимирович";"главный врач";"мужской";"(495) 613-04-08";"(495) 613-04-08";"(495) 613-04-34";"";"оказываются";"оказываются в рамках территориальной программы государственных гарантий бесплатного оказания медицинской помощи";"понедельник круглосуточно; вторник круглосуточно; среда круглосуточно; четверг круглосуточно; пятница круглосуточно; суббота круглосуточно; воскресенье круглосуточно";"";"многопрофильное медицинское учреждение";"540";"Терапевтическое отделение; Отделение аллергологии; Нефрологическое отделение; Неврологическое отделение; Отделение абдоминальной хирургии; Колопроктологические отделение; Онкологическое отделение; Отделение реанимации; Отделение диализа; Отделение дневного стационара";"";"37,578977";"55,798339";"84055683";
27;"Государственное бюджетное учреждение здравоохранения города Москвы «Городская клиническая больница № 29 имени Н. Э. Баумана Департамента здравоохранения города Москвы»";"ГБУЗ ГКБ № 29 им. Н. Э. Баумана";"Юго-Восточный административный округ";"район Лефортово";"111020";"Госпитальная площадь, дом 2";"Папышева Ольга Виуленовна";"главный врач";"женский";"(495) 263-26-30";"(495) 263-26-30";"(495) 263-26-30";"";"отсутствуют";"оказываются в рамках территориальной программы государственных гарантий бесплатного оказания медицинской помощи";"понедельник круглосуточно; вторник круглосуточно; среда круглосуточно; четверг круглосуточно; пятница круглосуточно; суббота круглосуточно; воскресенье круглосуточно";"";"многопрофильное медицинское учреждение";"1005";"Консультативно-диагностический центр";"";"37,700459";"55,766318";"84055684";
28;"Государственное бюджетное учреждение здравоохранения города Москвы «Городская клиническая больница № 31 Департамента здравоохранения города Москвы»";"ГБУЗ ГКБ № 31 ДЗМ";"Западный административный округ";"район Проспект Вернадского";"119415";"улица Лобачевского, дом 42";"Маслова Римма Александровна";"главный врач";"женский";"(499) 936-99-16";"(499) 936-99-16";"(499) 432-08-15";"";"оказываются";"оказываются в рамках территориальной программы государственных гарантий бесплатного оказания медицинской помощи";"понедельник круглосуточно; вторник круглосуточно; среда круглосуточно; четверг круглосуточно; пятница круглосуточно; суббота круглосуточно; воскресенье круглосуточно";"";"многопрофильное медицинское учреждение";"432";"";"";"37,502159";"55,669634";"84055685";
29;"Государственное бюджетное учреждение здравоохранения города Москвы «Городская клиническая больница № 36 Департамента здравоохранения города Москвы»";"ГБУЗ ГКБ № 36 ДЗМ";"Северо-Восточный административный округ";"Алексеевский район";"105318";"улица Касаткина, дом 1";"Митичкин Александр Евгеньевич";"главный врач";"мужской";"(499) 366-77-19";"(499) 366-77-19";"(499) 369-40-89";"";"отсутствуют";"оказываются в рамках территориальной программы государственных гарантий бесплатного оказания медицинской помощи";"понедельник круглосуточно; вторник круглосуточно; среда круглосуточно; четверг круглосуточно; пятница круглосуточно; суббота круглосуточно; воскресенье круглосуточно";"";"многопрофильное медицинское учреждение";"1693";"Кардиологические отделение";"";"37,651794";"55,827141";"84055686";
30;"Государственное бюджетное учреждение здравоохранения города Москвы «Городская клиническая больница № 4 Департамента здравоохранения города Москвы»";"ГБУЗ ГКБ № 4 ДЗМ";"Южный административный округ";"Даниловский район";"115093";"Павловская улица, дом 25";"Хрупалов Андрей Александрович";"главный врач";"мужской";"(499) 235-04-43";"(499) 235-04-43";"(495) 952-69-40";"";"оказываются";"оказываются в рамках территориальной программы государственных гарантий бесплатного оказания медицинской помощи";"понедельник круглосуточно; вторник круглосуточно; среда круглосуточно; четверг круглосуточно; пятница круглосуточно; суббота круглосуточно; воскресенье круглосуточно";"";"многопрофильное медицинское учреждение";"930 и сверх реанимации 30 коек";"Травматологическое отделение";"";"37,628676";"55,714267";"84055687";
31;"Государственное бюджетное учреждение здравоохранения города Москвы «Городская клиническая больница № 40 Департамента здравоохранения города Москвы»";"ГБУЗ ГКБ № 40 ДЗМ";"Северо-Восточный административный округ";"Алексеевский район";"129301";"улица Касаткина, дом 7";"Фатуев Олег Эдуардович";"главный врач";"мужской";"(495) 686-80-50";"(495) 686-80-50";"(495) 686-31-28";"";"отсутствуют";"оказываются в рамках территориальной программы государственных гарантий бесплатного оказания медицинской помощи";"понедельник 08:30-17:00; вторник 08:30-17:00; среда 08:30-17:00; четверг 08:30-17:00; пятница 08:30-17:00; суббота выходной; воскресенье выходной";"";"многопрофильное медицинское учреждение";"735";"Отделение терапии; Отделение кардиологии; Отделение гематологии; Отделение неврологии; Отделение чистая хирургия; Отделение абдоминальной онкологии; Отделение онкологии мягких тканей и молочной железы; Отделение онкогинекологии; Отделение онкоурологии; Отделение торокальной онкологии; Отделение химиотерапии; Отделение радиологии; Отделение гинекологии";"";"37,657371";"55,825056";"84055688";
32;"Государственное бюджетное учреждение здравоохранения города Москвы «Городская клиническая больница № 50 Департамента здравоохранения города Москвы»";"ГБУЗ ГКБ № 50 ДЗМ";"Северный административный округ";"Тимирязевский район";"125206";"улица Вучетича, дом 21";"Переходов Сергей Николаевич";"главный врач";"мужской";"(499) 760-79-33";"(499) 798-40-00";"(499) 760-81-99";"";"отсутствуют";"оказываются в рамках территориальной программы государственных гарантий бесплатного оказания медицинской помощи";"понедельник 08:00-20:00; вторник 08:00-20:00; среда 08:00-20:00; четверг 08:00-20:00; пятница 08:00-20:00; суббота 08:00-20:00; воскресенье 08:00-20:00";"";"многопрофильное медицинское учреждение";"1201";"1-ое кардиологическое отделение для больных инфарктом миокарда (отделение неотложной кардиологии); 2-ое кардиологическое отделение; 1-ое специализированное лечебное внебюджетное отделение; 2-ое терапевтическое отделение; 2-ое терапевтическое отделение; 3-е терапевтическое отделение; 4-ое терапевтическое отделение; отделение реанимации и интенсивной терапии (для больных инфарктом миокарда); гастроэнтерологическое отделение; 1-ое неврологическое отделение (для больных с нарушениями мозгового кровообращения); отделение реанимации и интенсивной терапии (для больных с острыми нарушениями мозгового кровообращения); 2-ое неврологическое отделение; 1-ое хирургическое отделение; 2-ое хирургическое отделение; 3-е хирургическое отделение; 1-ое урологическое отделение; 2-ое урологическое отделение; 3-е урологическое отделение; 4-ое урологическое отделение; отоларингологическое отделение; гинекологическое отделение; отделение гемодиализа; дневной стационар";"";"37,555381";"55,81276";"84055689";
33;"Государственное бюджетное учреждение здравоохранения города Москвы «Городская клиническая больница № 51 Департамента здравоохранения города Москвы»";"ГБУЗ ГКБ № 51 ДЗМ";"Западный административный округ";"район Филёвский Парк";"121309";"улица Алябьева, дом 7/33";"Бражник Виктория Алексеевна";"главный врач";"женский";"(499) 146-81-24";"(499) 146-81-24";"(499) 146-80-15";"";"отсутствуют";"оказываются в рамках территориальной программы государственных гарантий бесплатного оказания медицинской помощи";"понедельник круглосуточно; вторник круглосуточно; среда круглосуточно; четверг круглосуточно; пятница круглосуточно; суббота круглосуточно; воскресенье круглосуточно";"";"многопрофильное медицинское учреждение";"731";"Приёмное отделение";"";"37,484404";"55,742829";"84055690";
34;"Государственное бюджетное учреждение здравоохранения города Москвы «Городская клиническая больница № 52 Департамента здравоохранения города Москвы»";"ГБУЗ ГКБ № 52 ДЗМ";"Северо-Западный административный округ";"район Щукино";"123182";"Пехотная улица, дом 3";"Вторенко Владимир Иванович";"главный врач";"мужской";"(499) 196-39-36";"(499) 196-10-10";"(499) 196-21-14";"";"отсутствуют";"оказываются в рамках территориальной программы государственных гарантий бесплатного оказания медицинской помощи";"понедельник круглосуточно; вторник круглосуточно; среда круглосуточно; четверг круглосуточно; пятница круглосуточно; суббота круглосуточно; воскресенье круглосуточно";"";"многопрофильное медицинское учреждение";"1215";"Кардиологическое отделение";"";"37,481445";"55,800596";"84055691";
35;"Государственное бюджетное учреждение здравоохранения города Москвы «Городская клиническая больница № 53 Департамента здравоохранения города Москвы»";"ГБУЗ ГКБ № 53 ДЗМ";"Юго-Восточный административный округ";"Южнопортовый район";"109432";"улица Трофимова, дом 26";"Аракелов Сергей Эрнестович";"главный врач";"мужской";"(495) 958-95-59";"(495) 958-95-59";"(495) 958-94-34";"";"оказываются";"оказываются в рамках территориальной программы государственных гарантий бесплатного оказания медицинской помощи";"понедельник круглосуточно; вторник круглосуточно; среда круглосуточно; четверг круглосуточно; пятница круглосуточно; суббота круглосуточно; воскресенье круглосуточно";"";"многопрофильное медицинское учреждение";"575";"";"";"37,679591";"55,702034";"84055692";
36;"Государственное бюджетное учреждение здравоохранения города Москва «Городская клиническая больница № 55 Депортамента здравоохранения города Москвы»";"ГБУЗ ГКБ № 55 ДЗМ";"Южный административный округ";"Донской район";"117152";"Загородное шоссе, дом 18А";"Бышов Андрей Алексеевич";"исполняющий обязанности главного врача";"мужской";"(495) 952-90-22";"(495) 952-90-22";"(495) 952-87-22";"";"отсутствуют";"оказываются в рамках территориальной программы государственных гарантий бесплатного оказания медицинской помощи";"понедельник круглосуточно; вторник круглосуточно; среда круглосуточно; четверг круглосуточно; пятница круглосуточно; суббота круглосуточно; воскресенье круглосуточно";"";"многопрофильное медицинское учреждение";"600";"1-е терапевтическое отделение; 2-е терапевтическое отделение; 3-е терапевтическое отделение; 4-е терапевтическое отделение; 5-е терапевтическое отделение; 1-е хирургическое отделение; 2-е хирургическое отделение; 1-е гинекологическое отделение; 2-е гинекологическое отделение; Кардиологическое отделение; 1-е неврологическое отделение; 2-е неврологическое отделение; Отделение анестезиологии и реанимации; Физиотерапевтическое отделение; Эндоскопическое отделение; Отделение лучевой и ультразвуковой диагностики; Отделение функциональной диагностики; Отделение радиоизотопной диагностики";"";"37,600997";"55,696166";"84055693";
37;"Государственное бюджетное учреждение здравоохранения города Москвы «Городская клиническая больница № 57 Департамента здравоохранения города Москвы»";"ГБУЗ ГКБ № 57 ДЗМ";"Восточный административный округ";"район Восточное Измайлово";"105077";"11-я Парковая улица, дом 32";"Назарова Ирина Александровна";"главный врач";"женский";"(495) 465-15-53";"(495) 465-18-76";"(495) 465-99-94";"";"оказываются";"оказываются в рамках территориальной программы государственных гарантий бесплатного оказания медицинской помощи";"понедельник круглосуточно; вторник круглосуточно; среда круглосуточно; четверг круглосуточно; пятница круглосуточно; суббота круглосуточно; воскресенье круглосуточно";"";"многопрофильное медицинское учреждение";"1030";"Отделении терапии; Отделение кардиологии; Отделение аллергологии; Отделение пульмонологии; Отделение неврологии; Отделение сосудистой хирургии; Отделение общей хирургии; Отделение урологии; Отделение онкологии; Отделение онкоурологии; Отделение онкогинекологии; Отделение Химиотерапии; Отделение радиологии; Отделение дневной стационар по аллергологии";"";"37,806693";"55,798368";"84055694";
38;"Государственное бюджетное учреждение здравоохранения города Москвы «Государственная клиническая урологическая больница № 47 филиал № 1 Городской клинической больницы № 57 Департамента здравоохранения города Москвы»";"ГБУЗ ГКУБ № 47 филиал № 1 ГКБ № 57 ДЗМ";"Восточный административный округ";"район Восточное Измайлово";"105425";"3-я Парковая улица, дом 51";"Жевелюк Александр Григорьевич";"заведующий филиалом";"мужской";"(499) 163-42-90";"(499) 164-66-20";"(499) 164-93-24";"";"оказываются";"оказываются в рамках территориальной программы государственных гарантий бесплатного оказания медицинской помощи";"понедельник 08:30-17:00; вторник 08:30-17:00; среда 08:30-17:00; четверг 08:30-17:00; пятница 08:30-17:00; суббота выходной; воскресенье выходной";"";"многопрофильное медицинское учреждение";"180";"Онкологическое отделение; Отделение абдоминальной онкологии; Онкопроктологическое отделение; Урологическое отделение";"";"37,78113";"55,801707";"84055695";
39;"Государственное бюджетное учреждение здравоохранения города Москвы «Городская клиническая больница № 59 Департамента здравоохранения города Москвы»";"ГБУЗ ГКБ № 59 ДЗМ";"Центральный административный округ";"Тверской район";"127473";"улица Достоевского, дом 31";"Бахитов Вячеслав Витальевич";"главный врач";"мужской";"(499) 978-65-21";"(499) 978-65-21";"(499) 978-65-28";"";"оказываются";"оказываются в рамках территориальной программы государственных гарантий бесплатного оказания медицинской помощи";"понедельник круглосуточно; вторник круглосуточно; среда круглосуточно; четверг круглосуточно; пятница круглосуточно; суббота круглосуточно; воскресенье круглосуточно";"";"многопрофильное медицинское учреждение";"541 стационарная койка, 21 реанимационная койка, 10 (работает в двухсменном режиме) коек - дневной стационар";"Терапевтическое отделение; Кардиологическое отделение; Кардиологическое отделение для больных инфарктом миокарда; Кардио-блок; Ортопедическое отделение; Травматологическое отделение; Оториноларингологическое отделение гнойной хирургии; Отделение гнойной хирургии с костной патологией; Консультативно-диагностическая поликлиника; дневной стационар (ЛОР профиля)";"";"37,605807";"55,784051";"84055696";
40;"Государственное бюджетное учреждение здравоохранения города Москвы «Городская клиническая больница № 6 Департамента здравоохранения города Москвы»";"ГБУЗ ГКБ № 6 ДЗМ";"Центральный административный округ";"Басманный район";"105066";"Новая Басманная улица, дом 26";"Шапкин Николай Михайлович";"главный врач";"мужской";"(499) 261-04-08";"(499) 261-04-08";"(499) 261-04-08";"";"отсутствуют";"оказываются в рамках территориальной программы государственных гарантий бесплатного оказания медицинской помощи";"понедельник круглосуточно; вторник круглосуточно; среда круглосуточно; четверг круглосуточно; пятница круглосуточно; суббота круглосуточно; воскресенье круглосуточно";"";"многопрофильное медицинское учреждение";"572";"";"";"37,665341";"55,76954";"84055697";
41;"Государственное бюджетное учреждение здравоохранения города Москвы «Городская клиническая больница № 60 Департамента здравоохранения города Москвы»";"ГБУЗ ГКБ № 60 ДЗМ";"Восточный административный округ";"район Перово";"111123";"Новогиреевская улица, дом 1";"Лукашев Александр Михайлович";"главный врач";"мужской";"(495) 304-29-17";"(495) 304-29-17";"(495) 304-31-63";"";"отсутствуют";"оказываются в рамках территориальной программы государственных гарантий бесплатного оказания медицинской помощи";"понедельник круглосуточно; вторник круглосуточно; среда круглосуточно; четверг круглосуточно; пятница круглосуточно; суббота круглосуточно; воскресенье круглосуточно";"";"многопрофильное медицинское учреждение";"918";"Приёмное отделение";"";"37,793908";"55,76441";"84055698";
42;"Государственное бюджетное учреждение здравоохранения города Москвы «Городская клиническая больница № 61 Департамента здравоохранения города Москвы»";"ГБУЗ ГКБ № 61 ДЗМ";"Центральный административный округ";"район Хамовники";"119048";"улица Доватора, дом 15, строение 1";"Соболев Константин Эдуардович";"главный врач";"мужской";"(499) 246-96-20";"(499) 246-96-20";"(499) 246-27-26";"";"отсутствуют";"оказываются в рамках территориальной программы государственных гарантий бесплатного оказания медицинской помощи";"понедельник 08:30-20:00; вторник 08:30-20:00; среда 08:30-20:00; четверг 08:30-20:00; пятница 08:00-20:00; суббота 09:00-18:00; воскресенье 09:00-16:00";"праздничные дни 09:00-16:00";"многопрофильное медицинское учреждение";"595 (6 реанимационных)";"";"";"37,566447";"55,72235";"84055699";
43;"Государственное бюджетное учреждение здравоохранения города Москвы «Городская клиническая больница № 63 Департамента здравоохранения города Москвы»";"ГБУЗ ГКБ № 63 ДЗМ";"Центральный административный округ";"Мещанский район";"129090";"улица Дурова, дом 26";"Свет Алексей Викторович";"главный врач";"мужской";"(495) 681-20-66";"(495) 681-20-66";"(495) 688-94-10";"";"отсутствуют";"оказываются в рамках территориальной программы государственных гарантий бесплатного оказания медицинской помощи";"понедельник круглосуточно; вторник круглосуточно; среда круглосуточно; четверг круглосуточно; пятница круглосуточно; суббота круглосуточно; воскресенье круглосуточно";"";"многопрофильное медицинское учреждение";"613";"Пульмонологическое отделение";"";"37,626482";"55,778151";"84055700";
44;"Государственное бюджетное учреждение здравоохранения города Москвы «Городская клиническая больница № 64 Департамента Здравоохранения города Москвы»";"ГБУЗ ГКБ № 64 ДЗМ";"Юго-Западный административный округ";"Академический район";"117292";"улица Вавилова, дом 61";"Габриелян Артур Рудольфович";"главный врач";"мужской";"(499) 134-64-79";"(499) 134-64-79";"(499) 135-51-26";"";"оказываются";"оказываются в рамках территориальной программы государственных гарантий бесплатного оказания медицинской помощи";"понедельник круглосуточно; вторник круглосуточно; среда круглосуточно; четверг круглосуточно; пятница круглосуточно; суббота круглосуточно; воскресенье круглосуточно";"";"многопрофильное медицинское учреждение";"830";"";"";"37,558173";"55,687507";"84055701";
45;"Государственное бюджетное учреждение здравоохранения города Москвы «Городская клиническая больница № 67 имени Л. А. Ворохобова Департамента здравоохранения города Москвы»";"ГБУЗ ГКБ № 67 им. Л. А. Ворохобова ДЗМ";"Северо-Западный административный округ";"район Хорошёво-Мнёвники";"123154";"улица Саляма Адиля, дом 2/44";"Шкода Андрей Сергеевич";"главный врач";"мужской";"(499) 199-79-56";"(495) 530-33-88";"(495) 530-33-53";"";"отсутствуют";"оказываются в рамках территориальной программы государственных гарантий бесплатного оказания медицинской помощи";"понедельник круглосуточно; вторник круглосуточно; среда круглосуточно; четверг круглосуточно; пятница круглосуточно; суббота круглосуточно; воскресенье круглосуточно";"";"многопрофильное медицинское учреждение";"90";"Педиатрические отделение";"";"37,46539";"55,77235";"84055702";
46;"Государственное бюджетное учреждение здравоохранения города Москвы «Городская клиническая больница № 68 Департамента здравоохранения города Москвы»";"ГБУЗ ГКБ № 68 ДЗМ";"Юго-Восточный административный округ";"район Текстильщики";"109263";"улица Шкулёва, дом 4";"Галь Игорь Геннадиевич";"главный врач";"мужской";"(499) 179-66-22";"(499) 179-66-22";"(499) 178-87-15";"";"оказываются";"оказываются в рамках территориальной программы государственных гарантий бесплатного оказания медицинской помощи";"понедельник круглосуточно; вторник круглосуточно; среда круглосуточно; четверг круглосуточно; пятница круглосуточно; суббота круглосуточно; воскресенье круглосуточно";"";"многопрофильное медицинское учреждение";"1177";"";"";"37,749852";"55,693265";"84055703";
47;"Государственное бюджетное учреждение здравоохранения города Москвы «Городская клиническая больница № 7 Департамента здравоохранения города Москвы»";"ГБУЗ ГКБ № 7 ДЗМ";"Южный административный округ";"район Нагатино-Садовники";"115446";"Коломенский проезд, дом 4";"Бадма-Гаряев Мерген Сергеевич";"главный врач";"мужской";"(499) 782-30-70";"(499) 782-30-18; (499) 612-45-66";"(499) 782-31-92";"";"оказываются";"оказываются в рамках территориальной программы государственных гарантий бесплатного оказания медицинской помощи";"понедельник круглосуточно; вторник круглосуточно; среда круглосуточно; четверг круглосуточно; пятница круглосуточно; суббота круглосуточно; воскресенье круглосуточно";"";"многопрофильное медицинское учреждение";"1541";"Приемно-диагностическое отделение; Приемное отделение терапевтического корпуса; Гастроэнтерологическое отделение № 21; Кардиологическое отделение № 6 для больных с инфарктом миокарда; Кардиологическое отделение № 20; Кардиологическое отделение № 7; Неврологическое отделение №2 для больных с нарушениями мозгового кровообращения; Неврологическое отделение № 3; Терапевтическое отделение № 22; Терапевтическое отделение № 23; терапевтическое отделение № 24; Терапевтическое отделение №4; Операционный блок; Отделение кардиохирургии № 25; Отделение нейрохирургии № 19; Отделение рентгенохирургических методов диагностики и лечения; Отделение сосудистой хирургии № 18; Отделение хирургии № 12; Отделение хирургии № 13; Отделение хирургии № 5; Отделение хирургии № 9; Травматологическое отделение № 10; Травматологическое отделение № 11; Отделение анестезиологии-реанимации № 1 (ОАР № 1); Отделение анестезиологии-реанимации № 10 (ОАР № 10); Отделение анестезиологии-реанимации № 11 (ОАР № 11); Отделение анестезиологии-реанимации № 2 (ОАР № 2); Отделение анестезиологии-реанимации № 4 (ОАР № 4); Отделение анестезиологии-реанимации № 5 (ОАР № 5); Отделение анестезиологии-реанимации № 6 (ОАР № 6); Отделение анестезиологии-реанимации № 7 (ОАР № 7); Отделение анестезиологии-реанимации № 8 (ОАР № 8); Отделение анестезиологии-реанимации № 9 (ОАР № 9); Акушерско-обсервационное отделение; Акушерско-физиологическое отделение; Гинекологическое отделение № 16; гинекологическое отделение № 17; Отделение новорожденных детей, в том числе для недоношенных; отделение патологии беременности (ОПБ)";"";"37,640769";"55,662697";"84055704";
48;"Государственное бюджетное учреждение здравоохранения города Москвы «Городская клиническая больница № 70 Департамента здравоохранения города Москвы»";"ГБУЗ ГКБ № 70 ДЗМ";"Восточный административный округ";"район Новогиреево";"111399";"Федеративный проспект, дом 17";"Предтеченская Анна Вячеславовна";"главный врач";"женский";"(495) 304-42-16";"(495) 304-42-16";"(495) 303-97-69";"";"оказываются";"оказываются в рамках территориальной программы государственных гарантий бесплатного оказания медицинской помощи";"понедельник 08:00-20:00; вторник 08:00-20:00; среда 08:00-20:00; четверг 08:00-20:00; пятница 08:00-20:00; суббота 09:00-18:00; воскресенье 09:00-16:00";"";"многопрофильное медицинское учреждение";"924 + 57 реанимационных + 24 дневного стационара";"";"Проезд: метро Новогиреево, последний вагон из центра, направо, 5 минут пешком.";"37,813763";"55,755562";"84055705";
49;"Государственное бюджетное учреждение здравоохранения города Москвы «Городская клиническая больница № 71 Департамента здравоохранения города Москвы»";"ГБУЗ ГКБ № 71 ДЗМ";"Западный административный округ";"Можайский район";"121374";"Можайское шоссе, дом 14, строение 10";"Мясников Александр Леонидович";"главный врач";"мужской";"(495) 440-20-93";"(495) 440-20-93";"(495) 440-21-01";"";"оказываются";"оказываются в рамках территориальной программы государственных гарантий бесплатного оказания медицинской помощи";"понедельник круглосуточно; вторник круглосуточно; среда круглосуточно; четверг круглосуточно; пятница круглосуточно; суббота круглосуточно; воскресенье круглосуточно";"";"многопрофильное медицинское учреждение";"770";"Приёмное отделение; Отделение сердечно-сосудистой патологии; Терапевтическое отделение; Неврологическое отделение; Неврологическое для больных с острыми нарушениями мозгового кровообращения; Хирургическое отделение; Травматологическое отделение; Оториноларингологическое отделение; Микрохирургическое отделение; Отделение по уходу";"";"37,431375";"55,722927";"84055706";
50;"Государственное бюджетное учреждение здравоохранения города Москвы «Городская клиническая больница № 72 Департамента здравоохранения города Москвы»";"ГБУЗ ГКБ № 72 ДЗМ";"Западный административный округ";"район Филёвский Парк";"121096";"улица Олеко Дундича, дом 11";"Заборский Владимир Марьянович";"главный врач";"мужской";"(499) 148-70-54";"(499) 148-22-98";"(499) 142-39-81";"";"отсутствуют";"оказываются в рамках территориальной программы государственных гарантий бесплатного оказания медицинской помощи";"понедельник закрыто; вторник закрыто; среда закрыто; четверг закрыто; пятница закрыто; суббота закрыто; воскресенье закрыто";"";"многопрофильное медицинское учреждение";"130";"Педиатрическое отделение";"";"37,493383";"55,740518";"84055707";
51;"Государственное бюджетное учреждение здравоохранения города Москвы «Городская клиническая больница № 79 Департамента здравоохранения города Москвы»";"ГБУЗ ГКБ № 79 ДЗМ";"Южный административный округ";"район Нагатино-Садовники";"115487";"улица Академика Миллионщикова, дом 1";"Косаченко Алина Георгиевна";"главный врач";"женский";"(499) 612-75-07";"(499) 612-75-07";"(499) 612-05-31";"";"отсутствуют";"оказываются в рамках территориальной программы государственных гарантий бесплатного оказания медицинской помощи";"понедельник круглосуточно; вторник круглосуточно; среда круглосуточно; четверг круглосуточно; пятница круглосуточно; суббота круглосуточно; воскресенье круглосуточно";"";"многопрофильное медицинское учреждение";"518";"Приёмное отделение";"";"37,654735";"55,672735";"84055708";
52;"Государственное бюджетное учреждение здравоохранения города Москвы «Городская клиническая больница № 81 Департамента здравоохранения города Москвы»";"ГБУЗ ГКБ № 81 ДЗМ";"Северный административный округ";"Дмитровский район";"127644";"Лобненская улица, дом 10";"Андрейченко Александр Тимофеевич";"главный врач";"мужской";"(495) 483-42-44";"(495) 483-42-44";"(495) 483-02-47";"";"отсутствуют";"оказываются в рамках территориальной программы государственных гарантий бесплатного оказания медицинской помощи";"понедельник круглосуточно; вторник круглосуточно; среда круглосуточно; четверг круглосуточно; пятница круглосуточно; суббота круглосуточно; воскресенье круглосуточно";"";"многопрофильное медицинское учреждение";"955";"Отделение анестезиологии и реанимации";"";"37,532652";"55,889767";"84055709";
53;"Государственное бюджетное учреждение здравоохранения города Москвы «Городская клиническая больница имени С. П. Боткина Департамента здравоохранения города Москвы»";"ГБУЗ ГКБ им. С. П. Боткина ДЗМ";"Северный административный округ";"район Беговой";"125284";"2-й Боткинский проезд, дом 5, корпус 1";"Яковлев Владимир Николаевич";"главный врач";"мужской";"(495) 945-26-16";"(495) 945-26-16";"(499) 762-62-29";"";"отсутствуют";"оказываются в рамках территориальной программы государственных гарантий бесплатного оказания медицинской помощи";"понедельник круглосуточно; вторник круглосуточно; среда круглосуточно; четверг круглосуточно; пятница круглосуточно; суббота круглосуточно; воскресенье круглосуточно";"";"многопрофильное медицинское учреждение";"1993";"Терапевтические отделения";"";"37,553252";"55,782232";"84055710";
54;"Государственное казенное учреждение здравоохранения города Москвы «Психиатрическая клиническая больница №1 имени Н. А. Алексеева Департамента здравоохранения города Москвы»";"ГКУЗ ПКБ № 1 им. Н. А. Алексеева ДЗМ";"Южный административный округ";"Донской район";"117152";"Загородное шоссе, дом 2";"Шуляк Юрий Афанасьевич";"главный врач";"мужской";"(495) 952-87-90";"(495) 952-87-90";"(495) 954-22-94";"";"отсутствуют";"оказываются в рамках территориальной программы государственных гарантий бесплатного оказания медицинской помощи";"понедельник 08:30-18:00; вторник 08:30-17:00; среда 08:30-17:00; четверг 08:30-18:00; пятница 08:30-16:00; суббота 08:30-13:00; воскресенье выходной";"";"психиатрия";"1802";"";"";"37,605369";"55,698307";"87727597";
55;"Государственное казенное учреждение здравоохранения города Москва «Психиатрическая клиническая больница № 4 имени П. Б. Ганнушкина Департамента здравоохранения города Москвы»";"ГКУЗ ПКБ № 4 им. П. Б. Ганнушкина ДЗМ";"Восточный административный округ";"район Преображенское";"107076";"Потешная улица, дом 3";"Нарышкин Андрей Владимирович";"главный врач";"мужской";"(495) 963-01-64";"(495) 963-01-64";"(495) 963-08-79";"";"отсутствуют";"оказываются в рамках территориальной программы государственных гарантий бесплатного оказания медицинской помощи";"понедельник 08:30-17:00; вторник 08:30-17:00; среда 08:30-17:00; четверг 08:30-17:00; пятница 08:30-17:00; суббота выходной; воскресенье выходной";"";"психиатрия";"";"";"";"37,70329";"55,799095";"87776643";
56;"Государственное казенное учреждение здравоохранения города Москвы «Психиатрическая клиническая больница № 15 Департамента здравоохранения города Москвы»";"ГКУЗ ПКБ № 15 ДЗМ";"Южный административный округ";"район Москворечье-Сабурово";"115522";"улица Москворечье, дом 7";"Кононец Александр Семенович";"главный врач";"мужской";"(499) 324-53-89";"(499) 324-53-89";"(499) 324-40-19";"";"отсутствуют";"оказываются в рамках территориальной программы государственных гарантий бесплатного оказания медицинской помощи";"понедельник круглосуточно; вторник круглосуточно; среда круглосуточно; четверг круглосуточно; пятница круглосуточно; суббота круглосуточно; воскресенье круглосуточно";"";"многопрофильное медицинское учреждение";"";"";"";"37,645697";"55,652152";"87776644";
57;"Государственное казенное учреждение здравоохранения города Москвы «Туберкулёзная клиническая больница № 3 имени професора Г. А. Захарьина Департамента здравоохранения города Москвы»";"ГКУЗ ТКБ № 3 им. проф. Г. А. Захарьина ДЗМ";"Северо-Западный административный округ";"район Куркино";"125466";"Куркинское шоссе, дом 29";"Собкин Александр Лазаревич";"главный врач";"мужской";"(495) 572-71-45";"(495) 572-71-45";"(495) 571-20-55";"";"отсутствуют";"оказываются в рамках территориальной программы государственных гарантий бесплатного оказания медицинской помощи";"понедельник круглосуточно; вторник круглосуточно; среда круглосуточно; четверг круглосуточно; пятница круглосуточно; суббота круглосуточно; воскресенье круглосуточно";"";"противотуберкулезная больница";"805";"Отделение торакальной хирургии";"";"37,382185";"55,884591";"87776645";
58;"Государственное казенное учреждение здравоохранения города Москвы «Психиатрическая клиническая больница № 12 Департамента здравоохранения города Москвы»";"ГКУЗ ПКБ № 12 ДЗМ";"Северо-Западный административный округ";"район Покровское-Стрешнево";"123367";"Волоколамское шоссе, дом 47";"Соболев Владимир Алексеевич";"главный врач";"мужской";"(499) 193-72-33";"(499) 193-04-00";"(499) 193-60-40";"";"оказываются";"оказываются в рамках территориальной программы государственных гарантий бесплатного оказания медицинской помощи";"понедельник круглосуточно; вторник круглосуточно; среда круглосуточно; четверг круглосуточно; пятница круглосуточно; суббота круглосуточно; воскресенье круглосуточно";"";"психиатрия";"108";"Амбулаторно-стационарное психиатрическое отделение";"";"37,464772";"55,814404";"87776646";
59;"Государственное бюджетное учреждение здравоохранения города Москвы «Городская больница № 9 Департамента здравоохранения города Москвы»";"ГБУЗ ГБ № 9 ДЗМ";"Восточный административный округ";"район Восточный";"105173";"Западная улица, дом 2";"Дрошнев Вячеслав Михайлович";"главный врач";"мужской";"(499) 780-51-17";"(499) 780-51-17";"(499) 780-51-11";"";"отсутствуют";"оказываются в рамках территориальной программы государственных гарантий бесплатного оказания медицинской помощи";"понедельник круглосуточно; вторник круглосуточно; среда круглосуточно; четверг круглосуточно; пятница круглосуточно; суббота круглосуточно; воскресенье круглосуточно";"";"многопрофильное медицинское учреждение";"35";"Терапевтическое отделение";"";"37,858037";"55,818334";"87776647";
60;"Государственное бюджетное учреждение здравоохранения города Москвы «Офтальмологическая клиническая больница Департамента здравоохранения города Москвы»";"ГБУЗ ОКБ ДЗМ";"Центральный административный округ";"Тверской район";"123001";"Мамоновский переулок, дом 7";"Корчуганова Елена Александровна";"главный врач";"женский";"(495) 699-44-39";"(495) 699-30-20";"(495) 699-01-31";"";"оказываются";"оказываются в рамках территориальной программы государственных гарантий бесплатного оказания медицинской помощи";"понедельник 08:00-20:00; вторник 08:00-20:00; среда 08:00-20:00; четверг 08:00-20:00; пятница 08:00-20:00; суббота 08:00-16:00; воскресенье выходной";"";"офтальмология";"170";"2-е отделение лечебно-консультативного приёма; Физиотерапевтическое отделение; Диагностическое отделение; Онкологическое отделение; 3-е отделение стационара; Отделение неотложной помощи";"";"37,599277";"55,766813";"87776648";
61;"Государственное казенное учреждение здравоохранения города Москвы «Инфекционная клиническая больница № 1 Департамента здравоохранения города Москвы»";"ГКУЗ ИКБ № 1 ДЗМ";"Северо-Западный административный округ";"район Покровское-Стрешнево";"125367";"Волоколамское шоссе, дом 63";"Малышев Николай Александрович";"главный врач";"мужской";"(495) 490-14-14";"(499) 190-01-01; (499) 190-01-01";"(495) 942-48-39";"";"отсутствуют";"оказываются в рамках территориальной программы государственных гарантий бесплатного оказания медицинской помощи";"понедельник круглосуточно; вторник круглосуточно; среда круглосуточно; четверг круглосуточно; пятница круглосуточно; суббота круглосуточно; воскресенье круглосуточно";"";"инфекционная больница";"826";"Приёмное отделение";"";"37,458634";"55,81608";"87776649";
62;"Государственное казенное учреждение здравоохранения города Москвы «Инфекционная клиническая больница № 2 Департамента здравоохранения города Москвы»";"ГКУЗ ИКБ № 2 ДЗМ";"Восточный административный округ";"район Соколиная Гора";"105275";"8-я улица Соколиной горы, дом 15";"Мясников Вячеслав Анатольевич";"главный врач";"мужской";"(495) 365-37-96";"(495) 365-37-96";"(495) 365-24-88";"";"отсутствуют";"оказываются в рамках территориальной программы государственных гарантий бесплатного оказания медицинской помощи";"понедельник круглосуточно; вторник круглосуточно; среда круглосуточно; четверг круглосуточно; пятница круглосуточно; суббота выходной; воскресенье выходной";"";"инфекционная больница";"";"Приёмное отделение; Инфекционное отделение для взрослых больных рожей; Инфекционное отделение для взрослых больных гепатитом; Инфекционное отделение для взрослых больных ПТИ; Инфекционное отделение для взрослых б-ч с стр. кишечными инф.; Хирургическое отделение с операционным блоком для ВИЧ инфицированных; Инфекционный бокс отделения 1; Инфекционный бокс отделения 2; Инфекционный бокс отделения 3; Инфекционный бокс отделения 4; Инфекционный бокс отделения 5; Инфекционный бокс детского отделения; Отделения анестезиологии и реанимации для ВИЧ инфицированных больных; Отделение реанимации и интенсивной терапии с кабинетом гемодиализа; Экспресс лаборатория; Консультативное отделение; Городской Центр профилактики и борьбы со СПИДом; Родильный дом; клинико-диагностическая лаборатория; Баклаборатория; Физиологическое отделение; Отделение УЗИ; Отделение функциональной диагностики; Эндоскопическое отделение; Отделение лазерной терапии; Патологоанатомическое отделение; Кабинет медицинской статистики; ЦСО; Дезинфекционное отделение; Городской консультационный кабинет по вакционно-сывороточной профилактике клещ. вирусного энцефалита; Отделение материально-технического снабжения; Хозяйственное отделение; Автохозяйство; Пищеблок; Отделение обеззараживания медицинских отходов; Инженерно-технические службы; Прач.-дез. служба; Служба кадров; Бухгалтерия; Планово-экономический отдел; Общий отдел";"";"37,740698";"55,770436";"87776650";
63;"Государственное казенное учреждение здравоохранения города Москвы «Инфекционная клиническая больница № 3 Департамента здравоохранения города Москвы»";"ГКУЗ ИКБ № 3 ДЗМ";"Юго-Восточный административный округ";"район Печатники";"109235";"1-я Курьяновская улица, дом 34";"Кобаль Елена Анатольевна";"главный врач";"женский";"(495) 349-50-53";"(495) 349-50-53";"(495) 357-33-21";"";"отсутствуют";"оказываются в рамках территориальной программы государственных гарантий бесплатного оказания медицинской помощи";"понедельник круглосуточно; вторник круглосуточно; среда круглосуточно; четверг круглосуточно; пятница круглосуточно; суббота круглосуточно; воскресенье круглосуточно";"";"инфекционная больница";"570";"";"";"37,697363";"55,652457";"87776651";
